INSERT INTO "ProviderType" ("Id", "Name", "Title") VALUES
(1,'party','Party'),
(2,'news','News');
INSERT INTO "Providers" ("Id", "Name", "Title", "CreatedAt", "UpdatedAt", "Image", "Description", "TypeId") VALUES
(1,'EuropeanGeorgia','ევროპული საქართველო','2020-07-19 09:01:20.000000','2020-07-19 09:01:20.000000','https://upload.wikimedia.org/wikipedia/ka/a/a3/EuropeanGeorgialogo.png','Lorem ipsum dolor sit amet, consectetur adipiscing elit. Integer pulvinar est id dolor cursus convallis. Aliquam a tempor leo. Phasellus vitae faucibus sapien. Proin lobortis odio nec odio vehicula, et viverra lectus placerat. Suspendisse accumsan elit ac sapien posuere aliquet. sit amet, consectetur adipiscing elit. Integer pulvinar est id dolor cursus convallis. Aliquam a tempor leo. Phasellus vitae faucibus sapien. Proin lobortis odio nec odio vehicula, et viverra lectus placerat. Suspendisse accumsan elit ac sapien posuere aliquet. sit amet, consectetur adipiscing elit. Integer pulvinar est id dolor cursus convallis. Aliquam a tempor leo. Phasellus vitae faucibus sapien. Proin lobortis odio nec odio vehicula, et viverra lectus placerat. Suspendisse accumsan elit ac',1),
(2,'NewGeorgia','ახალი საქართველო','2020-07-19 09:01:20.000000','2020-07-19 09:01:20.000000','data:image/png;base64,iVBORw0KGgoAAAANSUhEUgAAALQAAAC0CAMAAAAKE/YAAAAAgVBMVEX////+XgD/+PT+j03+nWP+ahP/2ML+dSX//fz/+/n+YQX+m2D/8uv/5tj/69/+cB3/xaP+Zgz+eSr/uZD/49L+bBb+fDD/9O7+pXD/sIL/tov/r4D+gjn+iEL/7+X/3sv/zbD+lFX+qnj+oWr/07r/wJv/yqv+h0H+klL+jEn/vZaIvMrgAAAF2klEQVR4nO2cW3PqOgyFS7iGBCgpt3JPoS30///A81Jnz/HytF4ygr1n9L2CapcYWVqSeHoyDMMwDMMwDMMwDMMwDMMwbkfZ7vpsGPt9DfavWnttmE1bHtNnxr439+2H71p7bXj312xV+zT7xUxrr46sgEXbjH1+Avs619qsY9+Hp7tm7EcLsNc/0r2hv2j3wNifwX5y1tprwwaPZEaYD9Zgv12qbfabfAeLnhj7ZRvsO1p7bRijw/pg7EdgP9V3eM9wJOdjxv4DPuj+SGuvDR1Y9Moc6XwF9ju1vToycFit9YCwX6LDo2IAEYE7uMfYHyAG6Oo7vFc40twd/gIPqlJ3eE/osE7Ukb6AfaG2V8e4gkWpCG8/gdN1B4fX9RedUxHaEY805TAjyDMfjNB2Y3hT403glQwd3nYPb0ra82xVdDzg6bYqeM+m/LYfxdj3/fcUb0mbxm96FLVzBy/gaaKgonOfHC+/KL7cH6hl9i8pmx5tRWt23WWzx8szhiEVnfvgNz2KT+cOjnB5RrEof9zVL7yK1mytnPN4E9qnJIxlLVvUXTYZXp5RUNG5zwES2Cj67kge8PKMYZIkJzyL1vzj8N5lX4lLypEOROtRODlgILSn5AifsdDhHZ09JsAxTJOi657s6W6dwzvLHN42KWH8Eq3ZKpzDE8YApxSHl9WiNYfuDg4oflEkRddjjMdi6Ls7fCZ0eFTC6XMWrdnauWD4KIvwrikObyC9g509Kn5RJMXSpew6bBQyYYTHJZyw6br9fy5XdIFV2+fk5IRx4dvvAvYXsL+xQjaClHZKhTYz8NvdpI81infUwimVBkOZSl14HAQqLYyGF8jjL4y9iCVWWqhcbg9++w6VljMWD6lcDis186R7JIoNLLqghEOstFCVGhmBSgsT2mRXsNevtIwwFKEcHlZquNK0CMydupTD+sAj/YhKS5s60ujwPtVLy0vMvahKS6BSo19pOaMWTuVyB4gBuEqNCKy0LCgtfA32/STxK4oani5VaQlUagr1I43dDlwuh90WablgFIFKC3UkPzCsVe+leUKx6EqFpQGHp36ks1PfY0I5vLyY+H9grX6ks1nP40x90PnBt+9R9oZhGMZPjMFJc1cw2o/0BY8VXIeUtJmh/UZ905iScgWogLqeVMCKAtX1CaXSoLreV09aAur6lnq6qK5f1dvDAint6nerP+xRpaHsRYxQwzsy9pjS/puy9K3bw4CALE3JygFZOqlFKYpAwchkaRXQ4VGy9ABbiu4gS3/ColSL0WNkaTzSnCyNGt4jZGlOVg7I0uoOT0GW3v2LsvQdHB7I0lNuAODvkKW3ibJ0dWMNb3TyewIuWNKaX/3OgcL9G3uwb8fY10n/hrB5cOHiJ/QUUaSVBIS9NE3CJ2wefEtJGEtZP+vw+G2fyZoHW2nNg7L2sMrpCT1ZA9Ek6bLBcd0oChf/CAcA6pT4KTCuG4WLrgPZQhRfP+7qF4QDAHN3JIX9tNxl5YPRfhS7ZgAALr8ouMvKB5tIomgGAKQDBEkDADi9FkMzLbasZZtOiq5nQofXDAAkDhCIwHHdKNrOYUkHCB4xAOBEX+kAQFJ0Xcr6WefHb/sxJsAxcAqbz0F2nTURXk/o8JL6mKRDfM5eOEDQSUoYhRGeu8OlDi9piO/pDcYvsWhR+VOcxco93XIDrwVGRE9gn9b0AWOuOMcwfMGJWWc+gFdmgV8ugTfdWk3AUIRrHkThkavUiAhUWpjPJSA8btWFxzxQaWFyuTLxl0tEYAM/1zw4w04rfeHx6+aVlr5+A1ANi1K5XGB4+6q2V0eJpWEql8NKDfdTTSJwlpAb5sZZRq5SIyLg8KgjiQ6vUnd4g0BpmPLS6PA66t0SgW4HrtKCgccjKi3cMPdzYgwgIjCxROVyAYen3i1RYu7EVVowBnhVP9KBSgt1hwf01ztUWmDNBXUksZemr148zE/wY5iceFWgvX493DAMwzAMwzAMwzAMwzAMw/jr+Q8+Sl/mriAVPgAAAABJRU5ErkJggg==','Lorem ipsum dolor sit amet, consectetur adipiscing elit. Integer pulvinar est id dolor cursus convallis. Aliquam a tempor leo. Phasellus vitae faucibus sapien. Proin lobortis odio nec odio vehicula, et viverra lectus placerat. Suspendisse accumsan elit ac sapien posuere aliquet. sit amet, consectetur adipiscing elit. Integer pulvinar est id dolor cursus convallis. Aliquam a tempor leo. Phasellus vitae faucibus sapien. Proin lobortis odio nec odio vehicula, et viverra lectus placerat. Suspendisse accumsan elit ac sapien posuere aliquet. sit amet, consectetur adipiscing elit. Integer pulvinar est id dolor cursus convallis. Aliquam a tempor leo. Phasellus vitae faucibus sapien. Proin lobortis odio nec odio vehicula, et viverra lectus placerat. Suspendisse accumsan elit ac',1),
(3,'GeorgianDream','ქართული ოცნება','2020-07-19 09:01:20.000000','2020-07-19 09:01:20.000000','https://upload.wikimedia.org/wikipedia/commons/2/22/GeorgianDreamLogo.png','Lorem ipsum dolor sit amet, consectetur adipiscing elit. Integer pulvinar est id dolor cursus convallis. Aliquam a tempor leo. Phasellus vitae faucibus sapien. Proin lobortis odio nec odio vehicula, et viverra lectus placerat. Suspendisse accumsan elit ac sapien posuere aliquet. sit amet, consectetur adipiscing elit. Integer pulvinar est id dolor cursus convallis. Aliquam a tempor leo. Phasellus vitae faucibus sapien. Proin lobortis odio nec odio vehicula, et viverra lectus placerat. Suspendisse accumsan elit ac sapien posuere aliquet. sit amet, consectetur adipiscing elit. Integer pulvinar est id dolor cursus convallis. Aliquam a tempor leo. Phasellus vitae faucibus sapien. Proin lobortis odio nec odio vehicula, et viverra lectus placerat. Suspendisse accumsan elit ac',1),
(4,'GeorgianLabourParty','საქართველოს ლეიბორისტული პარტია','2020-07-19 09:01:20.000000','2020-07-19 09:01:20.000000','https://upload.wikimedia.org/wikipedia/commons/8/83/Labourpartygeologo.png','Lorem ipsum dolor sit amet, consectetur adipiscing elit. Integer pulvinar est id dolor cursus convallis. Aliquam a tempor leo. Phasellus vitae faucibus sapien. Proin lobortis odio nec odio vehicula, et viverra lectus placerat. Suspendisse accumsan elit ac sapien posuere aliquet. sit amet, consectetur adipiscing elit. Integer pulvinar est id dolor cursus convallis. Aliquam a tempor leo. Phasellus vitae faucibus sapien. Proin lobortis odio nec odio vehicula, et viverra lectus placerat. Suspendisse accumsan elit ac sapien posuere aliquet. sit amet, consectetur adipiscing elit. Integer pulvinar est id dolor cursus convallis. Aliquam a tempor leo. Phasellus vitae faucibus sapien. Proin lobortis odio nec odio vehicula, et viverra lectus placerat. Suspendisse accumsan elit ac',1),
(5,'FreeDemocrats','თავისუფალი დემოკრატები','2020-07-19 09:01:20.000000','2020-07-19 09:01:20.000000','https://upload.wikimedia.org/wikipedia/ka/a/ae/%E1%83%97%E1%83%90%E1%83%95%E1%83%98%E1%83%A1%E1%83%A3%E1%83%A4%E1%83%90%E1%83%9A%E1%83%98_%E1%83%93%E1%83%94%E1%83%9B%E1%83%9D%E1%83%99%E1%83%A0%E1%83%90%E1%83%A2%E1%83%94%E1%83%91%E1%83%98.png','Lorem ipsum dolor sit amet, consectetur adipiscing elit. Integer pulvinar est id dolor cursus convallis. Aliquam a tempor leo. Phasellus vitae faucibus sapien. Proin lobortis odio nec odio vehicula, et viverra lectus placerat. Suspendisse accumsan elit ac sapien posuere aliquet. sit amet, consectetur adipiscing elit. Integer pulvinar est id dolor cursus convallis. Aliquam a tempor leo. Phasellus vitae faucibus sapien. Proin lobortis odio nec odio vehicula, et viverra lectus placerat. Suspendisse accumsan elit ac sapien posuere aliquet. sit amet, consectetur adipiscing elit. Integer pulvinar est id dolor cursus convallis. Aliquam a tempor leo. Phasellus vitae faucibus sapien. Proin lobortis odio nec odio vehicula, et viverra lectus placerat. Suspendisse accumsan elit ac',1),
(6,'UnitedNationalMovement','ერთიანი ნაციონალური მოძრაობა','2020-07-19 09:01:20.000000','2020-07-19 09:01:20.000000','https://upload.wikimedia.org/wikipedia/ka/d/d9/Main-logo-ka_new.png','Lorem ipsum dolor sit amet, consectetur adipiscing elit. Integer pulvinar est id dolor cursus convallis. Aliquam a tempor leo. Phasellus vitae faucibus sapien. Proin lobortis odio nec odio vehicula, et viverra lectus placerat. Suspendisse accumsan elit ac sapien posuere aliquet. sit amet, consectetur adipiscing elit. Integer pulvinar est id dolor cursus convallis. Aliquam a tempor leo. Phasellus vitae faucibus sapien. Proin lobortis odio nec odio vehicula, et viverra lectus placerat. Suspendisse accumsan elit ac sapien posuere aliquet. sit amet, consectetur adipiscing elit. Integer pulvinar est id dolor cursus convallis. Aliquam a tempor leo. Phasellus vitae faucibus sapien. Proin lobortis odio nec odio vehicula, et viverra lectus placerat. Suspendisse accumsan elit ac',1);
INSERT INTO "Users" ("Id", "UserName", "PasswordHash", "PasswordSalt", "Firstname", "Lastname", "GeoId", "Phone", "Email", "Role", "ProviderId", "Avatar", "CreatedAt", "UpdatedAt") VALUES
(1,'UserA','','',NULL,NULL,NULL,NULL,NULL,'Author',1,NULL,'2020-07-19 07:21:02.541663','2020-07-19 07:21:02.541725'),
(3,'UserB','','',NULL,NULL,NULL,NULL,NULL,'Author',2,NULL,'2020-07-19 09:21:28.231811','2020-07-19 09:21:28.231815'),
(4,'UserC','','',NULL,NULL,NULL,NULL,NULL,'Author',3,NULL,'2020-07-22 15:41:44.527401','2020-07-22 15:41:44.527404'),
(5,'UserD','','',NULL,NULL,NULL,NULL,NULL,'Author',4,NULL,'2020-07-23 20:24:03.503813','2020-07-23 20:24:03.503827'),
(6,'UserE','','',NULL,NULL,NULL,NULL,NULL,'Author',5,NULL,'2020-07-23 21:30:14.687827','2020-07-23 21:30:14.687833');
INSERT INTO "Voters" ("Id", "HashId", "CreatedAt") VALUES
(7,'de4d98c141f3c10b9e8a1bbc4b95d5d4aec28a516b534b6ecc5ba938b62ac013797f8136de2fa523fe7a3164e042fc62813db7398f1a2755597223c61ca0bc37','2020-07-23 21:30:39.382772');
INSERT INTO "RatingTopics" ("Id", "Title", "Description", "Visible") VALUES
(1,'საკითხი ერთი ','ახსნა',true),
(2,'სათაური','დასაბუთება',true),
(3,'პრობლემა','',true),
(4,'რაღაცა ','რაღაც რუღაც',true),
(5,'სათაური','',true),
(6,'titluna','blablabla',false),
(7,'Title99','{\"ops\":[{\"insert\":\"desctiapsdngoi npsn iaosd\\n\"}]}',false),
(8,'Title2222',NULL,false);
INSERT INTO "RatingLikes" ("TopicId", "UserId", "Value") VALUES
(1,1,1),
(3,1,1),
(1,3,1),
(2,3,1),
(3,3,1),
(1,4,1),
(3,4,1),
(1,5,1),
(3,5,1),
(1,6,1);
INSERT INTO "RatingComments" ("Id", "Content", "UserId", "TopicId", "Side") VALUES
(1,'{\"ops\":[{\"insert\":\"Fsadkpoigf osfid oifsdf onsoidf nansd sdf papso dpa sdas\\n\"}]}',1,1,'for'),
(2,'{\"ops\":[{\"insert\":\"Asadkpoigf osfid papso dpa sdas\\n\"}]}',1,1,'against'),
(3,'{\"ops\":[{\"attributes\":{\"italic\":true},\"insert\":\"Fasdasdasdas\"},{\"insert\":\"\\n\"}]}',1,1,'for'),
(4,'{\"ops\":[{\"insert\":\"FoR\\n\"}]}',1,2,'for'),
(5,'{\"ops\":[{\"insert\":\"Against\\n\"}]}',1,1,'against'),
(6,'{\"ops\":[{\"insert\":\"Fsdasda\\n\"}]}',1,2,'for'),
(7,'{\"ops\":[{\"insert\":\"Asddnnp fs dnfs f asd asd \\n\"}]}',3,1,'against'),
(8,'{\"ops\":[{\"insert\":\"Against\\n\"}]}',3,1,'against'),
(9,'{\"ops\":[{\"insert\":\"Fsdasda\\n\"}]}',4,2,'for'),
(10,'{\"ops\":[{\"insert\":\"Against\\n\"}]}',5,3,'against'),
(11,'{\"ops\":[{\"insert\":\"Against\\n\"}]}',5,3,'against'),
(12,'{\"ops\":[{\"insert\":\"Against\\n\"}]}',5,3,'against');
INSERT INTO "RatingCommentLikes" ("CommentId", "UserId") VALUES
(1,1),
(1,3),
(3,3),
(4,1),
(4,4),
(4,5),
(8,3);
INSERT INTO "Categories" ("Id", "Name", "Title") VALUES
(1,'General','საერთო'),
(2,'Politics','პოლიტიკა'),
(3,'Economics','ეკონომიკა');
INSERT INTO "Canditates" ("Id", "Name", "Title", "Party", "Detail") VALUES
(1,'Davit Bakhradze','დავით ბაქრაძე','EuropeanGeorgia',''),
(2,'Zviad Baghdavadze','ზვიადი ბაღდავაძე','NewGeorgia',''),
(3,'Salome Zurabishvili','სალომე ზურაბიშვილი','GeorgianDream',''),
(4,'Shalva Natelashvili','შალვა ნათელაშვილი','GeorgianLabourParty',''),
(5,'Davit Usufashvili','დავით უსუფაშვილი','FreeDemocrats',''),
(6,'Grigol Vashadze','გრიგოლ ვაშაძე','UnitedNationalMovement',NULL);
INSERT INTO "Elections" ("Id", "CandidateId", "VoteP", "Vote1", "Vote2", "Vote3", "Vote4", "Vote5") VALUES
(1,1,2,0,1,0,0,0),
(2,2,0,0,0,1,0,0),
(3,3,0,0,1,0,1,0),
(4,4,0,0,0,0,0,0),
(5,5,0,0,0,0,0,0),
(6,6,1,1,0,0,0,0);
INSERT INTO "Posts" ("Id", "Content", "CategoryId", "UserId", "ProviderId", "CreatedAt", "UpdatedAt") VALUES
(46,'{\"ops\":[{\"attributes\":{\"color\":\"#000000\"},\"insert\":\"Lorem ipsum dolor sit amet, consectetur adipiscing elit. Proin sagittis eros erat, id sagittis odio convallis et. Suspendisse dignissim ante in ex tempor, in pharetra nisl accumsan. Sed ut ullamcorper tortor. Duis quis dapibus leo, eget elementum nisi. Suspendisse potenti. Vivamus eget vehicula urna. Ut ultrices at leo a sagittis. Donec maximus lacus sit amet eros finibus placerat. Curabitur auctor massa sed lacus condimentum ultricies ut tempus tortor. Nullam placerat feugiat urna, nec elementum tortor vehicula quis. Vivamus varius orci enim, quis euismod est euismod at.\"},{\"insert\":\"\\n\"}]}',1,3,2,'2020-07-22 19:52:03.992559','2020-07-22 19:52:03.992561'),
(47,'{\"ops\":[{\"attributes\":{\"color\":\"#000000\"},\"insert\":\"Lorem ipsum dolor sit amet, consectetur adipiscing elit. Proin sagittis eros erat, id sagittis odio convallis et. Suspendisse dignissim ante in ex tempor, in pharetra nisl accumsan. Sed ut ullamcorper tortor. Duis quis dapibus leo, eget elementum nisi. Suspendisse potenti. Vivamus eget vehicula urna. Ut ultrices at leo a sagittis. Donec maximus lacus sit amet eros finibus placerat. Curabitur auctor massa sed lacus condimentum ultricies ut tempus tortor. Nullam placerat feugiat urna, nec elementum tortor vehicula quis. Vivamus varius orci enim, quis euismod est euismod at.\"},{\"insert\":\"\\n\"}]}',2,3,2,'2020-07-22 19:52:25.324609','2020-07-22 19:52:25.324612'),
(48,'{\"ops\":[{\"attributes\":{\"color\":\"#000000\"},\"insert\":\"Donec in metus risus. Cras laoreet justo eget odio eleifend euismod. Pellentesque porta nisi est, tempus pretium libero sagittis in. Integer pulvinar pulvinar magna vel hendrerit. Mauris pulvinar congue lacus molestie condimentum. In faucibus ex sit amet sapien tempus, sit amet gravida quam interdum. Aliquam vestibulum metus et viverra semper. Nunc vestibulum libero et viverra accumsan. Sed quis lacinia sapien. Nullam cursus augue sed gravida malesuada.\"},{\"insert\":\"\\n\"}]}',1,3,2,'2020-07-22 20:02:16.328663','2020-07-22 20:02:16.328665'),
(49,'{\"ops\":[{\"attributes\":{\"color\":\"#000000\"},\"insert\":\"Donec in metus risus. Cras laoreet justo eget odio eleifend euismod. Pellentesque porta nisi est, tempus pretium libero sagittis in. Integer pulvinar pulvinar magna vel hendrerit. Mauris pulvinar congue lacus molestie condimentum. In faucibus ex sit amet sapien tempus, sit amet gravida quam interdum. Aliquam vestibulum metus et viverra semper. Nunc vestibulum libero et viverra accumsan. Sed quis lacinia sapien. Nullam cursus augue sed gravida malesuada.\"},{\"insert\":\"\\n\"}]}',2,3,2,'2020-07-22 20:02:22.985622','2020-07-22 20:02:22.985625'),
(51,'{\"ops\":[{\"insert\":\"Nam ut metus risus. Quisque mattis velit sit amet nulla sagittis cursus. Integer justo nisl, rutrum et vehicula quis, ultrices eu lacus. Ut sollicitudin vestibulum justo, nec euismod velit varius ac. Suspendisse ut est vel est molestie lacinia in ac neque. Nulla diam tortor, tempor eu lacus a, facilisis finibus turpis. Nulla tempus porttitor neque quis ultricies. Fusce auctor quam a quam pulvinar, in vulputate erat fermentum. Donec finibus est sed dictum maximus. Pellentesque habitant morbi tristique senectus et netus et malesuada fames ac turpis egestas. Donec sed rutrum urna, ut auctor lectus.\\n\"}]}',1,3,2,'2020-07-22 20:03:11.282889','2020-07-22 20:03:11.282892'),
(52,'{\"ops\":[{\"insert\":\"Nam ut metus risus. Quisque mattis velit sit amet nulla sagittis cursus. Integer justo nisl, rutrum et vehicula quis, ultrices eu lacus. Ut sollicitudin vestibulum justo, nec euismod velit varius ac. Suspendisse ut est vel est molestie lacinia in ac neque. Nulla diam tortor, tempor eu lacus a, facilisis finibus turpis. Nulla tempus porttitor neque quis ultricies. Fusce auctor quam a quam pulvinar, in vulputate erat fermentum. Donec finibus est sed dictum maximus. Pellentesque habitant morbi tristique senectus et netus et malesuada fames ac turpis egestas. Donec sed rutrum urna, ut auctor lectus.\\n\"}]}',1,3,2,'2020-07-22 20:03:15.123097','2020-07-22 20:03:15.123100'),
(53,'{\"ops\":[{\"insert\":\"Donec in metus risus. Cras laoreet justo eget odio eleifend euismod. Pellentesque porta nisi est, tempus pretium libero sagittis in. Integer pulvinar pulvinar magna vel hendrerit. Mauris pulvinar congue lacus molestie condimentum. In faucibus ex sit amet sapien tempus, sit amet gravida quam interdum. Aliquam vestibulum metus et viverra semper. Nunc vestibulum libero et viverra accumsan. Sed quis lacinia sapien. Nullam cursus augue sed gravida malesuada.\"},{\"attributes\":{\"align\":\"justify\"},\"insert\":\"\\n\"},{\"insert\":\"Vestibulum vel felis quis magna vehicula molestie in non mi. Sed mauris est, laoreet ut viverra ut, auctor aliquet felis. Nullam volutpat metus vitae lacus molestie, ut elementum lectus pretium. Donec eget velit vel ligula tempor faucibus. Aliquam varius fermentum ipsum ut cursus. Curabitur vel rutrum libero, bibendum interdum augue. Nullam nunc nisi, consectetur ut luctus id, porttitor quis velit.\"},{\"attributes\":{\"align\":\"justify\"},\"insert\":\"\\n\"},{\"insert\":\"Nam ut metus risus. Quisque mattis velit sit amet nulla sagittis cursus. Integer justo nisl, rutrum et vehicula quis, ultrices eu lacus. Ut sollicitudin vestibulum justo, nec euismod velit varius ac. Suspendisse ut est vel est molestie lacinia in ac neque. Nulla diam tortor, tempor eu lacus a, facilisis finibus turpis. Nulla tempus porttitor neque quis ultricies. Fusce auctor quam a quam pulvinar, in vulputate erat fermentum. Donec finibus est sed dictum maximus. Pellentesque habitant morbi tristique senectus et netus et malesuada fames ac turpis egestas. Donec sed rutrum urna, ut auctor lectus.\"},{\"attributes\":{\"align\":\"justify\"},\"insert\":\"\\n\"},{\"insert\":\"\\n\"}]}',1,1,1,'2020-07-22 20:03:41.977199','2020-07-22 20:03:41.977201'),
(54,'{\"ops\":[{\"insert\":\"Donec in metus risus. Cras laoreet justo eget odio eleifend euismod. Pellentesque porta nisi est, tempus pretium libero sagittis in. Integer pulvinar pulvinar magna vel hendrerit. Mauris pulvinar congue lacus molestie condimentum. In faucibus ex sit amet sapien tempus, sit amet gravida quam interdum. Aliquam vestibulum metus et viverra semper. Nunc vestibulum libero et viverra accumsan. Sed quis lacinia sapien. Nullam cursus augue sed gravida malesuada.\"},{\"attributes\":{\"align\":\"justify\"},\"insert\":\"\\n\"},{\"insert\":\"Vestibulum vel felis quis magna vehicula molestie in non mi. Sed mauris est, laoreet ut viverra ut, auctor aliquet felis. Nullam volutpat metus vitae lacus molestie, ut elementum lectus pretium. Donec eget velit vel ligula tempor faucibus. Aliquam varius fermentum ipsum ut cursus. Curabitur vel rutrum libero, bibendum interdum augue. Nullam nunc nisi, consectetur ut luctus id, porttitor quis velit.\"},{\"attributes\":{\"align\":\"justify\"},\"insert\":\"\\n\"},{\"insert\":\"\\n\"}]}',1,1,1,'2020-07-22 20:04:45.025453','2020-07-22 20:04:45.025456'),
(55,'{\"ops\":[{\"insert\":\"Nam ut metus risus. Quisque mattis velit sit amet nulla sagittis cursus. Integer justo nisl, rutrum et vehicula quis, ultrices eu lacus. Ut sollicitudin vestibulum justo, nec euismod velit varius ac. Suspendisse ut est vel est molestie lacinia in ac neque. Nulla diam tortor, tempor eu lacus a, facilisis finibus turpis. Nulla tempus porttitor neque quis ultricies. Fusce auctor quam a quam pulvinar, in vulputate erat fermentum. Donec finibus est sed dictum maximus. Pellentesque habitant morbi tristique senectus et netus et malesuada fames ac turpis egestas. Donec sed rutrum urna, ut auctor lectus.\"},{\"attributes\":{\"align\":\"justify\"},\"insert\":\"\\n\"},{\"insert\":\"\\n\"}]}',2,1,1,'2020-07-22 20:05:01.869050','2020-07-22 20:05:01.869052'),
(56,'{\"ops\":[{\"insert\":\"Donec in metus risus. Cras laoreet justo eget odio eleifend euismod. Pellentesque porta nisi est, tempus pretium libero sagittis in. Integer pulvinar pulvinar magna vel hendrerit. Mauris pulvinar congue lacus molestie condimentum. In faucibus ex sit amet sapien tempus, sit amet gravida quam interdum. Aliquam vestibulum metus et viverra semper. Nunc vestibulum libero et viverra accumsan. Sed quis lacinia sapien. Nullam cursus augue sed gravida malesuada.\"},{\"attributes\":{\"align\":\"justify\"},\"insert\":\"\\n\"},{\"insert\":\"Vestibulum vel felis quis magna vehicula molestie in non mi. Sed mauris est, laoreet ut viverra ut, auctor aliquet felis. Nullam volutpat metus vitae lacus molestie, ut elementum lectus pretium. Donec eget velit vel ligula tempor faucibus. Aliquam varius fermentum ipsum ut cursus. Curabitur vel rutrum libero, bibendum interdum augue. Nullam nunc nisi, consectetur ut luctus id, porttitor quis velit.\"},{\"attributes\":{\"align\":\"justify\"},\"insert\":\"\\n\"},{\"insert\":\"Nam ut metus risus. Quisque mattis velit sit amet nulla sagittis cursus. Integer justo nisl, rutrum et vehicula quis, ultrices eu lacus. Ut sollicitudin vestibulum justo, nec euismod velit varius ac. Suspendisse ut est vel est molestie lacinia in ac neque. Nulla diam tortor, tempor eu lacus a, facilisis finibus turpis. Nulla tempus porttitor neque quis ultricies. Fusce auctor quam a quam pulvinar, in vulputate erat fermentum. Donec finibus est sed dictum maximus. Pellentesque habitant morbi tristique senectus et netus et malesuada fames ac turpis egestas. Donec sed rutrum urna, ut auctor lectus.\"},{\"attributes\":{\"align\":\"justify\"},\"insert\":\"\\n\"},{\"insert\":\"\\n\"}]}',1,1,1,'2020-07-22 20:09:34.463713','2020-07-22 20:09:34.463722'),
(57,'{\"ops\":[{\"attributes\":{\"color\":\"#000000\"},\"insert\":\"Lorem ipsum dolor sit amet, consectetur adipiscing elit. Suspendisse elementum et velit vel iaculis. Mauris rhoncus, leo nec molestie elementum, ipsum velit aliquet mauris, ac aliquet nunc massa sit amet orci. Suspendisse dignissim imperdiet tristique. Suspendisse efficitur efficitur eleifend. Pellentesque habitant morbi tristique senectus et netus et malesuada fames ac turpis egestas. Phasellus mollis vestibulum nulla, mattis ultrices neque eleifend quis. Vivamus sit amet sagittis tortor, eu eleifend leo. Maecenas vitae arcu imperdiet, ullamcorper est quis, consequat odio. Quisque congue libero sit amet auctor posuere.\"},{\"insert\":\"\\n\"}]}',1,4,3,'2020-07-22 20:34:14.580288','2020-07-22 20:34:14.580292'),
(58,'{\"ops\":[{\"attributes\":{\"color\":\"#000000\"},\"insert\":\"Lorem ipsum dolor sit amet, consectetur adipiscing elit. Suspendisse elementum et velit vel iaculis. Mauris rhoncus, leo nec molestie elementum, ipsum velit aliquet mauris, ac aliquet nunc massa sit amet orci. Suspendisse dignissim imperdiet tristique. Suspendisse efficitur efficitur eleifend. Pellentesque habitant morbi tristique senectus et netus et malesuada fames ac turpis egestas. Phasellus mollis vestibulum nulla, mattis ultrices neque eleifend quis. Vivamus sit amet sagittis tortor, eu eleifend leo. Maecenas vitae arcu imperdiet, ullamcorper est quis, consequat odio. Quisque congue libero sit amet auctor posuere. Lorem ipsum dolor sit amet, consectetur adipiscing elit. Suspendisse elementum et velit vel iaculis. Mauris rhoncus, leo nec molestie elementum, ipsum velit aliquet mauris, ac aliquet nunc massa sit amet orci. Suspendisse dignissim imperdiet tristique. Suspendisse efficitur efficitur eleifend. Pellentesque habitant morbi tristique senectus et netus et malesuada fames ac turpis egestas. Phasellus mollis vestibulum nulla, mattis ultrices neque eleifend quis. Vivamus sit amet sagittis tortor, eu eleifend leo. Maecenas vitae arcu imperdiet, ullamcorper est quis, consequat odio. Quisque congue libero sit amet auctor posuere.\"},{\"insert\":\"\\n\"}]}',1,4,3,'2020-07-22 20:34:33.614084','2020-07-22 20:34:33.614087'),
(59,'{\"ops\":[{\"insert\":\"Lorem ipsum dolor sit amet, consectetur adipiscing elit. Suspendisse elementum et velit vel iaculis. Mauris rhoncus, leo nec molestie elementum, ipsum velit aliquet mauris, ac aliquet nunc massa sit amet orci. Suspendisse dignissim imperdiet tristique. Suspendisse efficitur efficitur eleifend. Pellentesque habitant morbi tristique senectus et netus et malesuada fames ac turpis egestas. Phasellus mollis vestibulum nulla, mattis ultrices neque eleifend quis. Vivamus sit amet sagittis tortor, eu eleifend leo. Maecenas vitae arcu imperdiet, ullamcorper est quis, consequat odio. Quisque congue libero sit amet auctor posuere.\"},{\"attributes\":{\"align\":\"justify\"},\"insert\":\"\\n\"},{\"insert\":\"Nulla in mi purus. Proin a scelerisque lorem. Morbi pulvinar ex sed varius suscipit. Quisque at rhoncus nunc, at faucibus mauris. Fusce tempor fermentum quam, sit amet interdum nisl placerat vel. Integer ipsum turpis, sodales in ex finibus, sollicitudin commodo leo. Morbi ipsum libero, scelerisque in neque sit amet, vestibulum lacinia turpis. Sed sit amet dui non lorem congue lacinia nec at turpis.\"},{\"attributes\":{\"align\":\"justify\"},\"insert\":\"\\n\"},{\"insert\":\"In vehicula nec urna a euismod. Vestibulum venenatis purus ante, at hendrerit arcu pretium a. Morbi porta, enim id iaculis facilisis, dolor enim tristique nulla, nec elementum nulla dolor molestie arcu. Maecenas quis orci dapibus, molestie turpis sit amet, hendrerit quam. Pellentesque viverra arcu sit amet euismod lacinia. Integer in nulla ornare, pulvinar ligula ut, vulputate mi. In hac habitasse platea dictumst. Cras dapibus ante non mi imperdiet, non iaculis diam volutpat.\"},{\"attributes\":{\"align\":\"justify\"},\"insert\":\"\\n\"},{\"insert\":\"Curabitur nec metus eros. Praesent scelerisque semper ex, sed hendrerit elit porttitor ac. Vestibulum ante ipsum primis in faucibus orci luctus et ultrices posuere cubilia curae; Lorem ipsum dolor sit amet, consectetur adipiscing elit. Aenean dignissim varius varius. Class aptent taciti sociosqu ad litora torquent per conubia nostra, per inceptos himenaeos. Suspendisse euismod pretium metus, a laoreet nisl congue sit amet. Sed porta orci non lorem lacinia, vitae bibendum quam luctus. Nulla facilisi. Pellentesque nisi urna, placerat vitae nibh non, egestas viverra lectus. Vestibulum a malesuada diam, a mattis diam. Sed dictum molestie metus, ac commodo lorem laoreet non. Quisque sodales arcu vitae mi luctus dignissim.\"},{\"attributes\":{\"align\":\"justify\"},\"insert\":\"\\n\"},{\"insert\":\"Ut nec fringilla massa. Donec nulla massa, convallis non sodales ac, laoreet id elit. Aliquam tempus convallis orci, sed porta erat bibendum vel. Duis tempus massa faucibus faucibus finibus. Morbi fringilla varius varius. Pellentesque hendrerit maximus odio, id scelerisque urna rhoncus vitae. Aliquam dui odio, molestie non convallis vitae, accumsan vel ipsum. Pellentesque venenatis elit nec massa pellentesque aliquam. Sed sed augue in lorem consequat venenatis sit amet at est. Sed ut mi vel sem faucibus mattis ac ut mi.\"},{\"attributes\":{\"align\":\"justify\"},\"insert\":\"\\n\"},{\"insert\":\"\\n\"}]}',3,4,3,'2020-07-22 20:34:45.152013','2020-07-22 20:34:45.152014'),
(61,'{\"ops\":[{\"attributes\":{\"color\":\"#000000\"},\"insert\":\"Lorem ipsum dolor sit amet, consectetur adipiscing elit. In lobortis sem sed felis tincidunt tempus. Aliquam tempor rhoncus varius. Fusce at pretium ex. Aliquam molestie turpis justo, convallis semper est lacinia quis. Vestibulum mollis at neque id posuere. Ut efficitur orci lacus, ut condimentum nisl sodales eu. Vestibulum ultricies mollis lobortis. Duis maximus arcu nulla, maximus commodo augue luctus eu. Quisque risus tortor, ullamcorper vel interdum id, egestas at urna. Vestibulum facilisis erat viverra sollicitudin placerat. Proin semper auctor turpis, nec molestie ipsum ullamcorper vel. Sed cursus mollis enim euismod porta. In ac tempor quam, id hendrerit erat.\"},{\"insert\":\"\\n\"}]}',1,1,1,'2020-07-22 21:24:28.761083','2020-07-22 21:24:28.761085'),
(62,'{\"ops\":[{\"attributes\":{\"color\":\"#000000\",\"italic\":true},\"insert\":\"Lorem ipsum dolor sit amet, consectetur adipiscing elit. In lobortis sem sed felis tincidunt tempus. Aliquam tempor rhoncus varius. Fusce at pretium ex. Aliquam molestie turpis justo, convallis semper est lacinia quis. Vestibulum mollis at neque id posuere. Ut efficitur orci lacus, ut condimentum nisl sodales eu. Vestibulum ultricies mollis lobortis. Duis maximus arcu nulla, maximus commodo augue luctus eu. Quisque risus tortor, ullamcorper vel interdum id, egestas at urna. Vestibulum facilisis erat viverra sollicitudin placerat. Proin semper auctor turpis, nec molestie ipsum ullamcorper vel. Sed cursus mollis enim euismod porta. In ac tempor quam, id hendrerit erat.\"},{\"insert\":\"\\n\"}]}',1,1,1,'2020-07-22 21:26:59.142871','2020-07-22 21:26:59.142878'),
(65,'{\"ops\":[{\"attributes\":{\"color\":\"#000000\"},\"insert\":\"Lorem ipsum dolor sit amet, consectetur adipiscing elit. In lobortis sem sed felis tincidunt tempus. Aliquam tempor rhoncus varius. Fusce at pretium ex. Aliquam molestie turpis justo, convallis semper est lacinia quis. Vestibulum mollis at neque id posuere. Ut efficitur orci lacus, ut condimentum nisl sodales eu. Vestibulum ultricies mollis lobortis. Duis maximus arcu nulla, maximus commodo augue luctus eu. Quisque risus tortor, ullamcorper vel interdum id, egestas at urna. Vestibulum facilisis erat viverra sollicitudin placerat. Proin semper auctor turpis, nec molestie ipsum ullamcorper vel. Sed cursus mollis enim euismod porta. In ac tempor quam, id hendrerit erat.\"},{\"insert\":\"\\n\"}]}',1,1,1,'2020-07-22 21:39:37.064720','2020-07-22 21:39:37.064723'),
(68,'{\"ops\":[{\"insert\":\"asdas das das dasdasdas das\"}]}',1,5,4,'2020-07-25 15:56:32.343508','2020-07-25 15:56:32.343516');
INSERT INTO "PostLikes" ("PostId", "UserId") VALUES
(68,5);
INSERT INTO "Images" ("Id", "ImageUrl", "PostId", "PublicId") VALUES
(30,'http://res.cloudinary.com/dvcy1grbe/image/upload/v1595433125/z3tcllztymghdck4zv06.jpg',46,'z3tcllztymghdck4zv06'),
(31,'http://res.cloudinary.com/dvcy1grbe/image/upload/v1595433146/zfrtg2ay2cpix9yxuqj0.jpg',47,'zfrtg2ay2cpix9yxuqj0'),
(32,'http://res.cloudinary.com/dvcy1grbe/image/upload/v1595433737/pngletbflz0gwz0ugn0i.jpg',48,'pngletbflz0gwz0ugn0i'),
(33,'http://res.cloudinary.com/dvcy1grbe/image/upload/v1595433738/mgtncmdxzksjbaqbwttq.jpg',48,'mgtncmdxzksjbaqbwttq'),
(34,'http://res.cloudinary.com/dvcy1grbe/image/upload/v1595433743/titfrpprkxxvh3nfjp5h.jpg',49,'titfrpprkxxvh3nfjp5h'),
(35,'http://res.cloudinary.com/dvcy1grbe/image/upload/v1595433744/eugmnzaphrxgwwozvvvs.jpg',49,'eugmnzaphrxgwwozvvvs'),
(38,'http://res.cloudinary.com/dvcy1grbe/image/upload/v1595433792/xplranc726dcpj7ok06f.jpg',51,'xplranc726dcpj7ok06f'),
(39,'http://res.cloudinary.com/dvcy1grbe/image/upload/v1595433792/bhjv1yxwh0zc6riwibh8.jpg',51,'bhjv1yxwh0zc6riwibh8'),
(40,'http://res.cloudinary.com/dvcy1grbe/image/upload/v1595433795/mrqczggf6nyyje8mox5c.jpg',52,'mrqczggf6nyyje8mox5c'),
(41,'http://res.cloudinary.com/dvcy1grbe/image/upload/v1595433796/h4myyql7lwsbhgt8dwsd.jpg',52,'h4myyql7lwsbhgt8dwsd'),
(42,'http://res.cloudinary.com/dvcy1grbe/image/upload/v1595433822/jol0uaoobcg3lbkapnki.jpg',53,'jol0uaoobcg3lbkapnki'),
(43,'http://res.cloudinary.com/dvcy1grbe/image/upload/v1595433885/os5wcvperztbaiurtwq6.jpg',54,'os5wcvperztbaiurtwq6'),
(44,'http://res.cloudinary.com/dvcy1grbe/image/upload/v1595433886/jayr9pvlybb3cnc70uyc.jpg',54,'jayr9pvlybb3cnc70uyc'),
(45,'http://res.cloudinary.com/dvcy1grbe/image/upload/v1595433902/n06lom7rzgsdxcmurykd.jpg',55,'n06lom7rzgsdxcmurykd'),
(46,'http://res.cloudinary.com/dvcy1grbe/image/upload/v1595433903/wpy1hboxmjy9bjvvrrrw.jpg',55,'wpy1hboxmjy9bjvvrrrw'),
(47,'http://res.cloudinary.com/dvcy1grbe/image/upload/v1595433903/t6cp4fxihf3tz4tr7jlm.jpg',55,'t6cp4fxihf3tz4tr7jlm'),
(48,'http://res.cloudinary.com/dvcy1grbe/image/upload/v1595435656/v32ghstsjvbrdsnhapx5.jpg',57,'v32ghstsjvbrdsnhapx5'),
(49,'http://res.cloudinary.com/dvcy1grbe/image/upload/v1595435674/anmwuo02o8xivvbjvke1.jpg',58,'anmwuo02o8xivvbjvke1'),
(50,'http://res.cloudinary.com/dvcy1grbe/image/upload/v1595435675/oz3u8ikotfip9vq8dzoi.jpg',58,'oz3u8ikotfip9vq8dzoi'),
(53,'http://res.cloudinary.com/dvcy1grbe/image/upload/v1595438821/ktmqygq0dwdufekctxas.jpg',62,'ktmqygq0dwdufekctxas'),
(57,'http://res.cloudinary.com/dvcy1grbe/image/upload/v1595441238/oksykijbuboynsnxmyug.jpg',65,'oksykijbuboynsnxmyug'),
(58,'http://res.cloudinary.com/dvcy1grbe/image/upload/v1595487514/eyxka08wadvqf7sthnz0.jpg',54,'eyxka08wadvqf7sthnz0'),
(59,'http://res.cloudinary.com/dvcy1grbe/image/upload/v1595487516/qpas5gzd5opmyt7cpeqk.jpg',54,'qpas5gzd5opmyt7cpeqk'),
(60,'http://res.cloudinary.com/dvcy1grbe/image/upload/v1595487516/rn4idt4g0jwtx5lykanq.jpg',54,'rn4idt4g0jwtx5lykanq'),
(64,'http://res.cloudinary.com/dvcy1grbe/image/upload/v1595678193/lhs4efwe2qiqofhgmyrl.png',68,'lhs4efwe2qiqofhgmyrl'),
(65,'http://res.cloudinary.com/dvcy1grbe/image/upload/v1595678194/zznhpduuznle8ositgwp.png',68,'zznhpduuznle8ositgwp');
INSERT INTO "Activities" ("Id", "Title", "Description", "Visible") VALUES
(1,'ტყე-პარკები','ვუჩივლოთ სახელმწიფოს',true);
INSERT INTO "ActivityLikes" ("ActivityId", "UserId", "Value") VALUES
(1,1,1),
(1,4,-1),
(1,6,1);
INSERT INTO "ActivityComments" ("Id", "Content", "Side", "UserId", "ActivityId") VALUES
(1,'asdasdas','for',1,1),
(2,'fontentsada','against',1,1),
(3,'a','against',3,1),
(4,'{\"ops\":[{\"insert\":\"asdasdasd\\n\"}]}','for',3,1);
INSERT INTO "ActivityCommentLikes" ("CommentId", "UserId") VALUES
(1,1),
(1,3);
